asset_code,name,asset_type,brand_model,license_plate_or_sn,campus,building,cost_price,status,caretaker_name,received_date,qr_code_hash
สภ.ยว.67-001/2567,รถตู้โดยสารปรับอากาศ 14 ที่นั่ง,VEHICLE,Toyota Commuter 2.8 Diesel,ฮภ-8822 กทม.,ประสานมิตร,อาคารจอดรถกลาง 2,1450000.00,IN_USE,นายสมชาย ใจภักดี (พนักงานขับรถ),2024-01-10,QR-SWU-VEH-001
สภ.ยว.66-004/2566,รถบรรทุก 6 ล้อ สำหรับขนย้ายพัสดุ,VEHICLE,Isuzu Forward FRR 210,83-9912 นครนายก,องครักษ์,อาคารซ่อมบำรุงยานพาหนะ องครักษ์,1890000.00,IN_USE,นายประสิทธิ์ ช่างขับ (พนักงานขับรถ),2023-05-18,QR-SWU-VEH-002
สภ.ยว.67-003/2567,รถพยาบาลฉุกเฉินประจำศูนย์การแพทย์,VEHICLE,Toyota Hiace Ambulance,นข-4401 นครนายก,องครักษ์,ศูนย์การแพทย์สมเด็จพระเทพฯ,2350000.00,IN_USE,ทีมแพทย์ฉุกเฉิน/พนักงานขับรถ,2024-02-15,QR-SWU-VEH-003
สภ.ฟฟ.66-015/2566,เครื่องกำเนิดไฟฟ้าสำรอง (Generator 500 kVA),ENGINEERING,Cummins Power Generation,CUM-500KVA-2023,ประสานมิตร,อาคาร 19 ศ.ดร.สาโรช บัวศรี,2800000.00,IN_USE,นายช่างสุรชัย (วิศวกรไฟฟ้า),2023-03-20,QR-SWU-ENG-001
สภ.อก.67-004/2567,เครื่องปรับอากาศระบบรวมส่วนกลาง (Chiller 300 Ton),ENGINEERING,Carrier Water-Cooled Chiller,CAR-300T-2024-01,ประสานมิตร,อาคารนวัตกรรม ศ.ดร.สาโรช บัวศรี,4500000.00,IN_USE,นายช่างธีรภัทร (วิศวกรเครื่องกล),2024-01-05,QR-SWU-ENG-002
สภ.ปร.65-008/2565,ปั๊มน้ำดับเพลิงแรงดันสูง (Fire Pump),ENGINEERING,Grundfos NK Fire Pump,GF-FP-88301,องครักษ์,สถานีปั๊มน้ำหลัก องครักษ์,950000.00,IN_USE,นายช่างสมควร (วิศวกรสุขาภิบาล),2022-08-14,QR-SWU-ENG-003
สภ.ชง.66-002/2566,กล้องประมวลผลรวมสำหรับงานสำรวจ (Total Station),SURVEY_TOOL,Leica FlexLine TS07,SN-LEICA-88491,ประสานมิตร,ฝ่ายวิศวกรรมบริการ ชั้น 2,340000.00,BORROWED,นายช่างโยธา พงษ์ศิริ (นำไปรังวัดที่ดิน),2023-09-12,QR-SWU-SUR-001
สภ.ชง.65-019/2565,เครื่องตัดหญ้าสะพายบ่า 4 จังหวะ (Honda),MACHINERY,Honda GX35,HD-GX35-9921,ประสานมิตร,โรงเก็บเครื่องมือสวนและภูมิทัศน์,14500.00,IN_USE,นายวิเชียร สวนสวย (พนักงานเกษตร),2022-04-10,QR-SWU-GRD-001
สภ.ชง.64-008/2564,เครื่องตบดินสปริงบดอัดดิน (Tamping Rammer),MACHINERY,Mikasa MT-74F,MKS-RAM-4421,องครักษ์,โรงซ่อมโยธา องครักษ์,65000.00,MAINTENANCE,นายช่างสมควร (ส่งเปลี่ยนถ่ายน้ำมันเกียร์),2021-11-20,QR-SWU-CIV-001
สภ.ฟฟ.62-005/2562,หม้อแปลงไฟฟ้าน้ำมัน 1000 kVA (ปลดระวาง),ENGINEERING,Ekarat Transformer,EKR-1000-2019,องครักษ์,ลานพักพัสดุชำรุด องครักษ์,820000.00,DISPOSAL_PENDING,คณะกรรมการจำหน่ายพัสดุ (รอขายทอดตลาด),2019-06-30,QR-SWU-DIS-001
